case_id,actor,person,stage,icp,channel,approach,volume,timeframe,open_rate,reply_rate,accept_or_positive,meetings,outcome,verdict,lesson,url,conf,flag
PUB-001,ColdClicks,"(founders, IH post)",pre-revenue bootstrapped,lead generation agencies,cold email,hyper-personalized AI-drafted emails,,first week post-launch,,21%,,,"6 trial signups, 1 paid customer","scale (continued, target 1 new customer/week)",Tight ICP (lead gen agencies) + personalization drove 21% reply at tiny scale,https://www.indiehackers.com/post/our-first-customer-with-personalized-cold-email-d0940bcc57,A,yes - success post
PUB-002,Mailshake client (business brokerage),(agency-run),SMB client,business owners in target cities,cold email,4-email sequence; feedback-guided rewrite of skeptical objection,206 prospects,single campaign,65%,"30% (9.8% pre-rewrite, 18% on tested variant)",,30+ meetings,64 replies total,scale after iteration,"Qualitative A/B: rewrite based on reply objections, not open rates, moved reply 9.8%->18%",https://mailshake.com/blog/cold-email-ab-test/,B,yes - vendor showcase
PUB-003,Unnamed SaaS founder,,early SaaS,,cold email,"high-volume outbound, zero ad spend","464,000 emails",4 months,,,,,50 paying customers,scale (worked at volume),"Volume strategy: ~9,300 emails per customer; economics only work at near-zero CAC tooling",https://prospeo.io/s/cold-email-case-study,C,yes
PUB-004,Unnamed practitioner,,,,cold email,high-volume blast,"147,000 emails",,,,,40 calls,40 calls only,"kill signal (3,675 emails per call)","Same channel as PUB-003, ~40x worse efficiency; targeting/list quality named as the differentiator",https://prospeo.io/s/cold-email-case-study,C,no - failure case
PUB-005,"Joran (SaaS founder, ~10K LI followers)",Joran,early SaaS,founders at companies smaller than his,linkedin outreach,"VA-assisted manual requests to warm-ish audience, no automation tools",~200 requests/week,ongoing weekly,,,,~10 demos/week (~5% request-to-demo),consistent demo flow,scale (primary channel),"Existing content credibility + targeting smaller cos (fewer decision makers, faster cycles) beat automation",https://upendravarma.com/linkedin-b2b-case-studies/,B,yes
PUB-006,Unnamed fintech SaaS founder,,early SaaS,founders who recently hired a CTO,linkedin outreach,signal-based: hiring signal + reference to prospect's own posts,20 requests/week (down from 100),first month,,,55% accept (vs 12% on generic),6 demos in month 1,0 deals in prior generic quarter,iterate->scale after signal pivot,"Volume cut 80%, acceptance 12%->55%; the signal (CTO hire) did the qualifying",https://bereach.ai/blog/signal-based-selling-linkedin,C,mixed - includes failure baseline
PUB-007,3-person B2B sales team,,SMB,5-mandatory-criteria ICP,linkedin outreach,behavior-branching follow-ups + pre-outreach engagement + content flywheel,,30 days,,,,47 meetings,47 meetings in one month,scale,Structural lifts from ICP tightening + branching campaigns; opener rewrites alone insufficient,https://linkedinsider.blog/how-one-b2b-team-booked-47-meetings-linkedin,C,yes - vendor showcase
PUB-008,r/sales 3-line template (aggregated),,various SaaS,,cold email,"sub-75-word 3-line email, relevance over personalization","724,200 emails (dataset)",multi-year,,2-5% positive reply,,560+ SaaS demos (viral template),40-60% demo-to-close reported on high-intent replies,scale,Short beats clever when offer is compelling; 30 emails/inbox/day deliverability cap,https://linkeddit.com/blog/cold-email-templates-reddit-top-performers,C,yes
PUB-009,Proxycurl,Steven Goh,first 10 customers,developers/data buyers,cold email,direct outreach pre-PMF,,,,,,,first 10 paying customers via cold email,scale (validated channel),Cold email as the validated first-10 channel; no rates disclosed,https://www.indiehackers.com/post/indie-hackers-share-how-they-got-their-first-10-100-and-1-000-customers-620ce768ba,B,yes
PUB-010,Tally,Marie Martens,first 10 customers,Product Hunt users who upvoted similar tools,social DM outreach,DMs to upvoters of adjacent tools,,,,,,,first customers via cold DMs,scale (validated channel),List source innovation: upvoters of adjacent tools = pre-qualified intent list,https://www.indiehackers.com/post/indie-hackers-share-how-they-got-their-first-10-100-and-1-000-customers-620ce768a,B,yes
PUB-011,Marek Piechut (services/product),Marek Piechut,first 50 clients,local potential clients,in-person direct sales,phone + driving to visit prospects,,,,,,,first 10 via direct visits; next ~40 word of mouth; SEO/ads/stands got nowhere,"scale on direct, kill on SEO/ads/exhibitions","Explicit multi-channel verdict from one founder: direct sales won, three channels killed",https://www.indiehackers.com/post/indie-hackers-share-how-they-got-their-first-10-100-and-1-000-customers-620ce768ba,B,mixed - names failed channels
PUB-012,"Investor outreach cases (Factmata, Mapistry et al.)",Steli Efti et al.,pre-seed/seed fundraising,VCs / angels,cold email (fundraising),"deep personalization, respectful persistence, clear ask + traction",100-300 emails typical per raise,per raise,,25-50% on best personalized campaigns; ~8.5% generic avg,,,"Factmata $1M, Mapistry $2.5M raised from cold outreach",scale,Fundraising outbound follows same mechanics as sales outbound; personalization gap is 2x+,https://blog.heyeveryone.io/successful-cold-email-case-studies/,C,yes - only funded cos profiled
PUB-013,vemtraclabs,,pre-revenue,small biz vs agencies,cold email,site-specific data hook + free demo,820 SMB / 149 agencies,~1 month,,0.37% SMB / 2.0% agencies,,,3+3 replies,iterate: pivot to agencies,Audience fit beats copy: agencies get outreach value instantly,https://www.indiehackers.com/post/800-cold-emails-later-heres-what-actually-moves-the-needle-and-what-s-a-complete-waste-of-time-1e67d7e295,B,mixed
PUB-015,IH cold-email author,,early,B2B,cold email,personalize-in-bulk on quality data,"1,000/day",ongoing,,15%,,,sustained 15% reply,scale,Bulk personalization only as good as underlying data,https://www.indiehackers.com/post/cold-email-hacking-my-journey-in-cold-outreach-and-what-i-learned-d8085b12cb,B,yes
PUB-016,IH commenter,,early,Reddit users at B2B/B2C intersection,reddit DM,interest-detection algo list,,,,,~2.5% conversion,,varies by subreddit,iterate,Subreddit selection drives conversion variance,https://www.indiehackers.com/post/cold-email-hacking-my-journey-in-cold-outreach-and-what-i-learned-d8085b12cb,C,yes
PUB-017,IH automated-stack author,,early,,cold email,Airtable+Make+Brevo light stack,"5,700 emails",,71%,,,,passive replies,scale,Lightweight stack can outperform heavy tools early (open rate likely tracking-inflated),https://www.indiehackers.com/post/cold-email-hacking-my-journey-in-cold-outreach-and-what-i-learned-d8085b12cb,B,yes
PUB-018,IH 18-to-61 author,,early,prospects working on specific thing,cold email,subject <4 words; personalize first sentence; Tue-Thu 10-12,400 sends,~1 month,18%->61%,2%->19%,,26 calls/month,26 calls booked,scale,Subject + sender name do 90% of the work,https://www.indiehackers.com/post/my-cold-email-open-rate-went-from-18-to-61-the-framework-i-tested-over-400-sends-0e4dd59207,A,yes
PUB-019,AmandaBrown (IH),,early,B2B,cold email,subject references prospect's last 30 days,~10-email tests,~1 year,,4%->23%,,,reply 6x with identical body,scale,Subject specificity beats body copy,https://www.indiehackers.com/post/my-cold-email-reply-rate-was-4-i-changed-one-thing-now-its-23-27fd6a19ed,B,yes
PUB-020,IH 250-replies author,,early,high-risk SEO / AI outbound / design,cold email,loss-aversion angle,250+ leads,,,,,meetings booked,multiple booked,iterate,Loss framing beats gain framing,https://www.indiehackers.com/post/250-replies-later-what-i-learned-in-cold-email-outbound-3f8ce62a15,B,yes
PUB-021,ContentIn author,,early,B2B,linkedin,same template from active content-publishing profile,"1,400 msgs",52 days,,31%,,,3x reply from content profile,scale,Active content profile triples outreach replies,https://www.indiehackers.com/post/best-linkedin-outreach-templates-2026-i-sent-1-400-messages-over-52-days-and-only-one-system-kept-getting-replies-0ba21eafdc,B,yes
PUB-022,'Lena' (via IH post),,early,B2B SaaS,linkedin,generic templates,200 req/week,ongoing,,near-zero follow-up,8% accept,,almost no replies,kill/iterate,Templated LinkedIn reads robotic; fails on follow-up,https://www.indiehackers.com/post/best-linkedin-outreach-templates-2026-i-sent-1-400-messages-over-52-days-and-only-one-system-kept-getting-replies-0ba21eafdc,C,no
PUB-023,bearconnect.io founder,,early,founders,linkedin,warm accounts gradually; kill weakest sequence weekly,multi-profile,45 days,,,,32 calls,32 founder calls,scale,Weekly kill-loser/double-winner beats guessing,https://www.indiehackers.com/post/i-stopped-manually-prospecting-on-linkedin-and-booked-32-founder-calls-in-45-dayshere-s-the-system-not-a-hack-75e750c409,B,yes
PUB-024,IH 9-demos founder,,early,feedback+signup targets,linkedin,"~20 manual requests/day, feedback-first",~20/day,3 days,,,,9 demos,9 demos,scale,Manual ~20/day books demos without paid tools,https://www.indiehackers.com/post/the-exact-linkedin-strategy-i-used-to-book-9-demos-in-3-days-without-sales-navigator-fd5b8b223b,B,yes
PUB-025,BrandingStudio.ai,,early,PH visitors,product hunt,AI brand platform; #6 of day,168 upvotes,4 days,,,0.25% paid,,"400 signups, $237 rev, 1 paying",iterate,"PH sends curious people, not buyers",https://www.indiehackers.com/post/400-signups-from-product-hunt-1-paying-customer-what-4-days-taught-me-about-launch-vs-traction-4a226fe482,A,mixed
PUB-026,IH cold-email SaaS,,early,cold email space,cold email service,repriced input->outcome (replies),,,,,,,MRR $2.8k->$340 then repriced,iterate,"Charge for outcome, not commoditized input",https://www.indiehackers.com/post/from-2-8k-mrr-to-340-mrr-then-we-made-some-changes-6032bcefd2,B,no
PUB-027,Setter AI,Joseph,early,lead-qual buyers,landing page + demo calls,mocked demo pre-build,,,,,,demo calls,validated pre-build; later $10k MRR,scale,Mocked demo + booked calls validates before building,https://www.indiehackers.com/post/tech/from-desperation-and-dwindling-runway-to-10k-mrr-VRQprGga5zF3UFDqiCqw,B,yes
PUB-028,coldemail.studio,,early,small businesses,cold email service,first clients free,,3 months,,,,,$10k MRR in 3 months,scale,Free initial campaigns land first clients,https://www.indiehackers.com/post/how-to-hit-10k-mrr-with-cold-email-as-a-service-within-3-months-without-experience-4d8412994e,C,yes
PUB-029,IH funnel author,,early,"12,500 cold leads",cold email + GHL sequences,$140 spend,"12,500 leads",,,,,,PROJECTED $8k MRR (not realized),iterate,"SPECULATIVE row: projection, not result",https://www.indiehackers.com/post/from-12-500-cold-leads-to-a-projected-8k-mrr-the-funnel-i-wish-i-d-built-sooner-88580fb0a0,C,mixed
PUB-030,IH Twitter-DM founder,,early,ICP-matching Twitter users,twitter DM,ask interest in tool being built,few hundred DMs,~1 month,,high (unquantified),,,3 yearly subscribers,iterate,Cold Twitter DMs convert to paid yearly subs,https://www.indiehackers.com/post/cold-twitter-dms-are-a-hidden-treasure-f9dfb063a6,B,yes
PUB-031,Proxycurl,Steven Goh,early,developers/data buyers,cold email,outbound blast at start,,,,,,,first 10 paying; ~10% of first 1000,scale then diversify,Cold email lands first 10; SEO compounds later,https://www.indiehackers.com/post/indie-hackers-share-how-they-got-their-first-10-100-and-1-000-customers-620ce768ba,B,yes
PUB-032,Tally,Marie Martens,early,PH upvoters of similar tools,cold DM,DM competitor upvoters,,,,,,,first customers; PH relaunch 1500->3000/day,scale,DM upvoters of competing tools = intent list,https://www.indiehackers.com/post/indie-hackers-share-how-they-got-their-first-10-100-and-1-000-customers-620ce768ba,B,yes
PUB-033,agency,Marek Piechut,early,local clients,in-person direct sales,phone + car visits,,,,,,,first 10 direct; ~40 WOM; SEO/ads/expo nothing,mixed: kill SEO/ads/expo,Direct sales won; paid/expo failed at this stage,https://www.indiehackers.com/post/indie-hackers-share-how-they-got-their-first-10-100-and-1-000-customers-620ce768ba,B,mixed
PUB-034,Wavve/Churnkey,Baird Hall,early,new podcasters,cold email,"scraped iTunes API, emails from RSS",30-50/day,3 wks to 1st,,,,,first 100 via outreach; $1.3M ARR,scale,Scraped personalized daily outreach bootstrapped $1M+,https://www.indiehackers.com/post/indie-hackers-share-how-they-got-their-first-10-100-and-1-000-customers-620ce768ba,B,yes
PUB-035,LayeredCraft,Eric Alli,early,network w/ expressed need,warm network DM,reach contacts who voiced need,,,,,,,first 10 from network,scale,Mine own network for expressed needs first,https://www.indiehackers.com/post/indie-hackers-share-how-they-got-their-first-10-100-and-1-000-customers-620ce768ba,B,yes
PUB-036,indie founder,Jon Perrin,early,B2B,cold email,Hunter.io lists,,,,,,,1st and 10th customers via Hunter,scale,Simple email-finder sources first customers,https://www.indiehackers.com/post/indie-hackers-share-how-they-got-their-first-10-100-and-1-000-customers-620ce768ba,B,yes
PUB-037,EarlyBird,Leo Baishun,early,maker audience,product hunt + cross-promo,Christmas launch + Slack/Discord/Reddit/HN,,3 days,,,,,first 500 customers in 3 days,scale,Multi-channel amplification around PH,https://www.indiehackers.com/post/indie-hackers-share-how-they-got-their-first-10-100-and-1-000-customers-620ce768ba,B,yes
PUB-038,Indie Hackers,Courtland Allen,early,tech audience,hacker news,submitted site,1 post,<2 days,,,,,"570 subs, 156k pageviews, 43k uniques",scale,HN front page drives massive early traffic,https://www.indiehackers.com/post/indie-hackers-share-how-they-got-their-first-10-100-and-1-000-customers-620ce768ba,B,yes
PUB-039,Slay.so,Matthew Pierce,early,IG marketers,clubhouse speaking + affiliate,contrarian advice on stage; 25% affiliate,2-3 rooms/wk,~2 months,,,,,100-200 customers,scale,Speaking in right rooms outperforms outreach,https://www.indiehackers.com/post/indie-hackers-share-how-they-got-their-first-10-100-and-1-000-customers-620ce768ba,B,yes
PUB-040,@wordofhenry,,early,subreddit,reddit post,asked mods first,1 post,,,,,,~14 registrations,iterate,"Ask mods, then post value",https://www.indiehackers.com/post/indie-hackers-share-how-they-got-their-first-10-100-and-1-000-customers-620ce768ba,C,yes
PUB-041,Retool,David Hsu,early,delivery/fintech startups (not SaaS),cold email,Crunchbase filter by fundraise date+vertical; email CTO+VP Ops,,,,,,,"landed DoorDash (customer #5), Rappi, Brex",scale,Tight firmographic filter is the engine; outbound = honest PMF signal,https://www.lennysnewsletter.com/p/how-to-win-your-first-10-b2b-customers,B,yes
PUB-042,B2B founder (via Lenny),,early,YC companies,cold email,emailed YC network,,,,,,,"first 10 all cold; Thunkable, Truebill in first 50",scale,Cold-emailing tight peer community sources first 10,https://www.lennysnewsletter.com/p/how-to-win-your-first-10-b2b-customers,B,yes
PUB-043,Notion,Ivan Zhao,early,SF founders / ex-Zynga PMs,community WOM,seed one tight community,,,,,,,first 10 friends; WOM via ex-Zynga,scale,"Seed one tight community, let WOM compound",https://www.lennysnewsletter.com/p/how-to-win-your-first-10-b2b-customers,B,yes
PUB-044,SaaStr,Jason Lemkin,growth,recent event attendees (warm DB),AI SDR email,reference past events; congratulate roles,"4,495 emails",2 weeks,,,,meetings,#1 response rate on platform <30 days,scale,Warm DB + genuine personalization beats cold spray,https://www.saastr.com/we-sent-4495-ai-sdr-emails-in-2-weeks-and-got-the-1-response-rate-heres-how-its-not-what-you-think/,B,yes
PUB-045,SaaStr segments,Jason Lemkin,growth,attendees by recency vs cold,AI SDR email,segment by engagement recency,"60,000+ cold",ongoing,,,~11-12% recent / ~5.5% older,,recent 2x older,iterate,Response scales with prior relationship,https://www.cbinsights.com/investor/saastr,C,mixed
PUB-046,SalesLoft/Talkdesk/Pipedrive/Logikcull et al,Jason Lemkin (investor),seed,VCs,cold email (fundraising),metrics so clear no pitch needed,,,,,,,6 investments incl $10B Talkdesk from cold email,scale,Cold email to VCs works when value-prop needs no pitch,https://www.saastr.com/which-vcs-open-cold-emails-keith-rabois-aileen-lee-david-sacks-satya-patel-and-more,B,yes
PUB-047,Reachbox.ai,Allan Duza,early,SaaS companies,cold email,personalized email + custom video w/ top-3 growth actions,,18 months,,,,,first 100 customers; $6M ARR,scale,Custom video + specific recs = value-first opener,https://founderpath.com/blog/cold-outreach-strategy,B,yes
PUB-048,Instantly.ai,,early,cold-email senders,cold email,'tool that got us 100k MRR' copy,thousands/day,9 months,,,,,$200k MRR in 9 months,scale,Eat own dogfood; lead with own result,https://founderpath.com/blog/cold-outreach-strategy,B,yes
PUB-049,Mahana.io,Matt Archer,early,collab-space buyers,cold email,curiosity subject line,,,,,,yes,"first 2 beta customers, 15 seats",iterate,Subject's only job is starting the conversation,https://founderpath.com/blog/cold-outreach-strategy,B,yes
PUB-050,GetSorale,Yash Siobhan,early,influencer mktg managers,linkedin Loom + Figma,feedback ask; pre-sell before code,first 5,6 months,,,,,pre-sold 5 @ $99 pre-code; $34k MRR,scale,Pre-sell mockups via Loom to validate WTP,https://founderpath.com/blog/cold-outreach-strategy,B,yes
PUB-051,Talkpush,Max Armbruster,early,CMOs,linkedin + cold email,feedback-first ask,200-300 CMOs,,,,,,landed Zappos; $100k+ MRR,scale,Feedback-first to 200-300 targets lands marquee logo,https://founderpath.com/blog/cold-outreach-strategy,B,yes
PUB-052,Conveino.de,Yannick Dickel,early,corporate spinout ICP,cold calls + emails,"brute force, no experience",,,,,,,"first 5 paying, $30k ARR",iterate,First-timers land 5 customers with plain calls+emails,https://founderpath.com/blog/cold-outreach-strategy,B,yes
PUB-053,Fullfunnel.io,,early,LinkedIn content engagers,linkedin (warm outbound),reach out to engagers,,1 year,,40%+,80%+ accept,,61 five-figure deals in year 1,scale,Warm outbound to engagers: 80% accept / 40% reply,https://founderpath.com/blog/cold-outreach-strategy,B,yes
PUB-054,Product.AI,Tony Tommy,early,"cos 100-400 emp, $10-100M rev",cold calling,"Apollo/ZoomInfo lists, full outbound",,,,,,,"first 5 clients, $60k ARR",iterate,Tight firmographic filter makes cold calls efficient,https://founderpath.com/blog/cold-outreach-strategy,B,yes
PUB-055,Referrizer,Andre Cvijovic,growth,local businesses,cold calling,20-person commission-only team,"20,000 calls/wk",12 months,,,,,$60k->$1.4M ARR,scale,High-volume calling 20x'd ARR with working unit economics,https://founderpath.com/blog/cold-outreach-strategy,B,yes
PUB-056,Expandi,Stefan Smulders,early,competitor FB-group members,linkedin,scrape competitor groups; personalized msg,,,,,,40+ appts/week,$7M ARR,scale,Scrape competitor communities for a hot list,https://founderpath.com/blog/cold-outreach-strategy,B,yes
PUB-057,Inkit,Michael McCarthy,early,demand-gen leaders,cold email,15 emails to one prospect over a month,15 emails,1 month,,,,,landed Bite Squad; $1M run rate,scale,Persistence (15 touches) cracks a target account,https://founderpath.com/blog/cold-outreach-strategy,B,yes
PUB-058,Modigie,Ken Hoppe,early,CROs/VPs Sales,cold calling,direct mobiles via own enrichment,,1 year,,,,,"29 customers, ~$300k bookings yr 1",scale,Direct mobile dials to exact titles,https://founderpath.com/blog/cold-outreach-strategy,B,yes
PUB-059,HyperProspect,,early,ecom entrepreneurs,linkedin group msg,personalized impact msg to CEO,,,,,,1 meeting,first client @ $510/mo,iterate,LinkedIn groups = warm channel to founders,https://founderpath.com/blog/cold-outreach-strategy,B,yes
PUB-060,Cliently,Spencer Farber,early,sales teams,done-for-you,personally build customers' campaigns,,9 months,,,,,"70-80 customers, $8k MRR",scale,Hands-on DFY converts early adopters,https://founderpath.com/blog/cold-outreach-strategy,B,yes
PUB-061,Prospectify,,early,sales/growth people,cold email,hyper-target via Google search terms,,,,,,,first 100 @ avg $352/mo,scale,Dogfood hyper-targeting,https://founderpath.com/blog/cold-outreach-strategy,B,yes
PUB-062,Aimisocial.com,Zach Hedges,early,FB group audience,community pre-launch,"nurture 1000+ for 4 months, then offer",,72h window,,,,,300 customers in 72h; $25k MRR,scale,"Nurture community, convert with launch offer",https://founderpath.com/blog/cold-outreach-strategy,B,yes
PUB-063,Nittiolearn,,early,Heads of Ops (distributed teams),cold email + linkedin,role+pain message,,,,,,,"15 enterprise customers, $20k MRR",scale,Crisp role+pain message lands enterprise,https://founderpath.com/blog/cold-outreach-strategy,B,yes
PUB-064,Martijn Verbove app,Martijn Verbove,early,SaaS/app users,product hunt,25% launch discount,,launch+days,,,5.8% paid (3.5% day 1),,"1000 signups, 30-40 paid day 1",scale,Discount converts launch-day signups,https://medium.com/swlh/product-hunt-101-how-to-launch-your-product-from-early-idea-to-revenue-c3f01864cdde,B,yes
PUB-065,Buttondown,Justin Duke,early,newsletter creators,product hunt,,360 upvotes,,,,,,first dozen paying; $5k MRR,scale,Modest PH launch seeds first paying cohort,https://founderpath.com/blog/launch-on-product-hunt,B,yes
PUB-066,Reply.io,Oleg Campbell,growth,sales teams,product hunt,,,2 days,,,,,"10k visitors, 600 signups, ~60 paying",scale,PH drives dozens of paying customers for known brand,https://founderpath.com/blog/launch-on-product-hunt,B,yes
PUB-067,Yac,Justin Mitchell,early,remote teams,product hunt,hackathon warm-up then launch,758 upvotes,1 week,,,,,900 teams in a week,scale,Hackathon warm-up amplifies launch,https://founderpath.com/blog/launch-on-product-hunt,B,yes
PUB-068,Trainual,Chris Ronzio,early,SMBs,PH + local + affiliate,,,~1 year,,,,,"600 paying, $57k MRR in a year",scale,Combine PH with local + affiliate motions,https://founderpath.com/blog/launch-on-product-hunt,B,yes
PUB-069,Zest.is,Yam Regev,early,marketers,product hunt,,#1 of week,,,,,,"6,000 beta users",iterate,PH seeds thousands of beta users for feedback,https://founderpath.com/blog/launch-on-product-hunt,B,yes
PUB-070,Cogsworth,Boris Gefter,early,scheduling users,product hunt,,,,,,,,"100 users, feedback, no paying",iterate,"PH gives users+feedback, not necessarily revenue",https://founderpath.com/blog/launch-on-product-hunt,B,mixed
PUB-071,Speek/Reverb,Edward Sturm,early,consumer/SaaS,product hunt,influencer tweet (25k) amplification,,,,,,,#8; 590 uniques; 107 paying on MRR,scale,Line up influencer amplifier for launch day,https://edwardsturm.com/articles/product-hunt-results/,B,yes
PUB-072,Task Pigeon,,early,task mgmt users,product hunt,,,,,,,,"~2000 visitors, 138 signups, no clear revenue",iterate,Signups without revenue: common PH outcome,https://syften.com/blog/product-hunt-launch/,C,mixed
PUB-073,indie hacker (via Syften),,early,,PH + email blast,"emailed 3,830 users","3,830 emails",,,,,,"1,023 visits, 102 accounts, 2 paying @$5",kill/iterate,Big blast can still yield 2 paying customers,https://syften.com/blog/product-hunt-launch/,C,no
PUB-074,maker (via Syften),,early,,PH multi-site launch,,,4 days,,,,,"$74.55 from 1,000 visitors",kill,Traffic without fit = near-zero revenue,https://syften.com/blog/product-hunt-launch/,C,no
PUB-075,Syften author,,early,,product hunt,,,,,,,,"1000+ visitors, tens of signups, zero paid",kill,PH unreliable for immediate revenue,https://syften.com/blog/product-hunt-launch/,C,no
PUB-076,Loom,,early,teams,product hunt,,,24h,,,,,"3,000 signups in 24h",scale,Strong product converts PH into thousands of signups,https://antichurn.substack.com/p/the-only-guide-you-will-ever-need,C,yes
PUB-077,5 anon founders (roundup),,early,various,product hunt,8 standardized questions,71-450 signups,7 days,,,0%-~20% paid,,highest rank had 0% paid; lower rank ~20%,iterate,PH rank does NOT predict revenue,https://www.happysupport.ai/en/blog/product-hunt-launch-roundup-2026,C,mixed
PUB-082,SaaS founder (r/SaaS),,early,sales-assisted cos $500k-3M ARR already doing cold email,cold email at scale,trigger-proof-CTA <70 words; 100 warmed domains; 5k/day cap,"464,000 emails",Oct24-Feb25,,2.3-3.3% narrow (0.2% broad),,,"616 positive replies, 50 paying, $0 ads",scale (narrow ICP),ICP narrowing moved reply 0.2%->3.3% with identical copy,https://www.reddit.com/r/SaaS/comments/1qx9wdz/50_clients_in_4_mo_with_zero_ad_spend_using_only/,C,yes
PUB-083,same founder (failed sub-exp),,early,broad 'B2B SaaS' via Apollo,cold email,spray-and-pray,"40,000 emails",,,~0%,,0,zero results,kill,Spray-and-pray with broad ICP produces literally zero,https://www.reddit.com/r/SaaS/comments/1qx9wdz/50_clients_in_4_mo_with_zero_ad_spend_using_only/,C,no
PUB-084,cold email practitioner,,early,broad list -> warm-conversation prospects,cold email,pivot to prospects already discussing the problem,"147,000 emails",~1 year,,1.2%->34% after pivot,,40 calls,"1,764 conversations, 40 calls",iterate/pivot,Changing WHO beat changing what was written,https://www.reddit.com/r/coldemail/comments/1qobtcd/i_sent_147k_cold_emails_last_year_and_got_a_12/,C,mixed
PUB-085,ecom-targeting sender,,early,150 ecom brands,cold email + Loom,'recorded a video for you' + funnel screenshot; no pitch,150 emails,,,34% (51 replies),,31 calls,"8 paying clients, ~EUR12k",scale,Curiosity-gap video ask drives 34% replies,https://prospeo.io/s/cold-email-examples,C,yes
PUB-086,marketing team,,early,verified B2B list,cold email 3-step,ask for 15 minutes,"4,917->2,160 after verification",,,~2.8% (45 replies),,calls,list halved by verification,iterate,List hygiene wipes half the list pre-send,https://prospeo.io/s/cold-email-case-study,C,mixed
PUB-087,outbound agency (14 clients),,growth,8 industries,cold email,industry-specific angles,,1 year,,3-5% healthcare IT; 9-12% recruiting/cleaning; 4-6% SaaS,,,reply varies by vertical,iterate,Winning angle varies by industry; no universal template,https://prospeo.io/s/cold-email-case-study,C,mixed
PUB-088,founder (HigherLevels),,early,,cold email AI vs manual,1000 AI-generated vs 14 manual,"1,000 + 14",,,,,0 vs 3,AI:0 meetings; manual:3,kill AI-spray,"14 targeted manual sends beat 1,000 AI ones",https://prospeo.io/s/convert-cold-email-replies-to-meetings,C,mixed
PUB-089,r/SEO poster,,early,local biz (Google Maps),cold email,'free SEO audit ($1000 value)',50+ emails,,12 opens,0,,0,zero replies,kill,Spammy free-audit subject + scattershot = zero,https://prospeo.io/s/seo-cold-email-template,C,no
PUB-090,r/coldemail beginner,,early,74 businesses,cold email,personalized but free Gmail + WP subdomain,74 emails,,56%,0,,0,zero replies,kill,No professional domain kills replies despite opens,https://prospeo.io/s/seo-cold-email-template,C,no
PUB-091,freelancer (Copyhackers),,early,freelance clients,cold email,aggressive personalized campaign,,,56%,9% positive,,,one email drove ~$20k revenue,scale,A single well-targeted cold email can be worth $20k,https://copyhackers.com/2017/09/cold-emails/,B,yes
PUB-092,Chris Bakke narrative,Chris Bakke,early,"7,000 scraped leads",cold email,generic 'generically interesting' email,"7,000 emails",overnight,27%,0.2%,,,0.2% response,kill,Generic mass email = fraction-of-a-percent response,https://chrisbakke.substack.com/p/a-better-way-to-get-your-first-10,B,no
PUB-093,Mapistry,Allie Janoch,seed,investors incl Lemkin,cold email (fundraising),long detailed pitch tweaked per investor,,,,,33% success,,raised $2.5M,scale,Investor cold email: demonstrate product viability,https://hunter.io/blog/cold-email-examples/,B,yes
PUB-094,Factmata,Dhruv Ghulati,seed,VCs incl Mark Cuban,cold email (fundraising),hook-bridge-ask + trackable deck,,,,,,meeting requests,"raised $1M incl Cuban, Biz Stone",scale,Research each investor; hook-bridge-ask,https://blog.heyeveryone.io/successful-cold-email-case-studies/,B,yes
PUB-095,Sveta (SaaS Growth),Sveta,early,highly-qualified B2B leads,cold email 3-step,hours of lead qualification per campaign,54 emails,,79.63%,,1.85% to sale; 5.56% click,,1 client per ~50 emails,scale,Heavy qualification: ~1 client per 50 emails,https://saaswrites.substack.com/p/71-write-your-saas-growth,B,yes
PUB-096,Vethgroup,Miles,growth,sports/brand ICP,cold email,Nike Dri-Fit trade + $0 pilot offer,994 prospects,,,,,8 meeting reqs + 4 nurtures,8 meetings from 994,iterate,Tangible free trade + $0 pilot books meetings,https://vethgroup.substack.com/p/this-exact-cold-email-copy-just-worked,C,yes
PUB-097,Charles (podcast offer),,growth,funded founders/CEOs,cold email,direct ROI offer: 12 podcasts that generate clients,,1 week,,,,,350+ quality replies in a week,scale,Crystal-clear ROI offer earns quality replies,https://charlesandsystems.substack.com/p/why-ceos-are-calling-my-cold-emails,C,yes
PUB-098,EvolutionIQ,,growth,insurance companies,founder-led sales,founder in every deal,,5 years,,,,,no deal signed without founder until yr 5,iterate (delay sales hire),Complex enterprise sales needs founder-led selling for years,https://review.firstround.com/0-5m-first-sales-hire/,B,yes
PUB-099,VC portfolio (Ben Merton),Ben Merton,growth,B2B,cold email,portfolio-wide benchmark,,,,,,1-in-200 email->meeting target (worst 1-in-9000),outbound = ~70% of new deals,scale,Expert vs amateur differs ~45x on email-to-meeting,https://www.goodreads.com/notes/46125678-from-impossible-to-inevitable/20942009-ben-merton/9b211f63-5b3f-4d4d-8a4a-b3f5c0673990,C,mixed
PUB-101,CloudCamping,,early,property managers,cold outreach + communities,convert power users to affiliates,,2023,,,,,250+ businesses,scale,Cold outreach + community + SEO for first hundreds,https://news.ycombinator.com/item?id=43970837,C,yes
PUB-102,Ask HN poster,,early,interviewees,cold email,ask only for time,,,,,,,no success,kill,"Cold email asking only for time, no value, fails",https://news.ycombinator.com/item?id=16289763,C,no
PUB-103,HN commenter,,early,Reddit + PH audiences,community posting + PH,posted product,1000s of views,,,,,0,"0 clicks beyond landing; #2 PH, 0 retained",kill,Vanity traffic converts to zero usage,https://news.ycombinator.com/item?id=49262172,C,no
PUB-104,TinyUX,Julius,early,tech audience,show HN,front-page post,1 post,,,,,,most of first 30 customers,scale,Brief HN front-page seeds first 30,https://www.indiehackers.com/post/how-where-did-you-find-your-first-1-10-and-100-customer-f146e8e3d3,C,yes
PUB-105,evalogical founder,,early,small startups w/ IG presence,cold DM + Sales Nav,free version + free support,,,,,,,first customer via Sales Navigator,iterate,Free version lowers first-customer friction,https://www.indiehackers.com/post/how-did-you-get-your-first-customers-0116a1c4a7,C,yes
PUB-106,enterprise SaaS founder,,growth,enterprise,cold calling + email,same channels since 2018,,since 2018,,,,,60k+ MRR,scale,"Pick a channel you enjoy, get great, scale",https://www.indiehackers.com/post/how-did-you-get-your-first-customers-0116a1c4a7,C,yes
PUB-107,VA-services founder,,early,agency owners,instagram DM,DM + book call,,,,,~100% close of booked,,closed nearly all booked calls,scale,Pre-qualified DM conversations close very high,https://www.indiehackers.com/post/how-where-did-you-find-your-first-1-10-and-100-customer-f146e8e3d3,C,yes
PUB-108,productlogz,,early,indie/SaaS audience,multi-channel DMs,Twitter+Reddit+AppSumo+FB groups,,,,,,,first customers multi-channel,iterate,Stack community channels for first customers,https://www.indiehackers.com/post/how-where-did-you-find-your-first-1-10-and-100-customer-f146e8e3d3,C,yes
PUB-109,indie founder,Dominic Yates,early,sales professionals,linkedin content,post problems solved; engage engagers,,1 year,,,,,community 0->1500+ in a year,scale,Content + engage-the-engagers builds community,https://www.indiehackers.com/post/how-where-did-you-find-your-first-1-10-and-100-customer-f146e8e3d3,C,yes
PUB-110,Moolight,Wang Legolas,early,app enthusiasts,community post,sincere origin-story post,1 post,,,,,,first 10; later Apple Editor's Pick -> 100+,scale,Sincere origin post converts a niche community,https://www.indiehackers.com/post/indie-hackers-share-how-they-got-their-first-10-100-and-1-000-customers-620ce768ba,B,yes
PUB-111,Partizion,Matthewbf,early,target subreddit,reddit posting,"why/how posts, not link drops",,,,,,,first 10 users from Reddit,scale,Value posts (not link drops) work on Reddit,https://www.indiehackers.com/post/indie-hackers-share-how-they-got-their-first-10-100-and-1-000-customers-620ce768ba,B,yes
PUB-112,ScrapingFish,Mateusz Buda,early,scraping/dev community,content + community,citable blog; share in discussions,,,,,,,first 10 via blog; HN front-page spikes,scale,Deep citable content beats keyword-stuffing early,https://www.indiehackers.com/post/indie-hackers-share-how-they-got-their-first-10-100-and-1-000-customers-620ce768ba,B,yes
PUB-113,@ADNL,,early,Twitter users,twitter DM + comments,DM + comment on relevant tweets,many DMs,,,,,,first 100 users,scale,Volume DMs + commenting reach first 100,https://www.indiehackers.com/post/how-where-did-you-find-your-first-1-10-and-100-customer-f146e8e3d3,C,yes
PUB-114,ChatWizard,David Maker,early,maker audience,product hunt,,,,,,,,first subscriber group from PH,scale,PH seeds first subscriber cohort,https://www.indiehackers.com/post/how-where-did-you-find-your-first-1-10-and-100-customer-f146e8e3d3,C,yes
PUB-115,Talkdesk,,early,investors,cold email (fundraising),,,,,,,,cold email started relationship; ~$10B co,scale,One investor cold email can start a decacorn,https://blog.heyeveryone.io/successful-cold-email-case-studies/,C,yes
PUB-116,seed-stage dataset (DocSend 2025),,seed,VCs,cold email vs warm intro,,500+ founders,2024-2025,,cold 2-4% intro->mtg; warm 8-12%,,,23% of seed founders landed >=1 investor cold,scale,Cold outreach is a real path at pre-seed/seed,https://thevcwire.com/vc-cold-outreach-works-templates-frameworks/,C,mixed
PUB-117,VC perspective,,seed,VCs,cold email (fundraising),,,,,~5% (95% non-reply),,,cold deals close ~6mo vs ~3mo warm,iterate,"Cold VC email: ~95% non-reply, slower closes",https://founderscapital8.substack.com/p/cold-emails-to-vcs-have-a-95-non,C,no
PUB-118,Singular,Gadi Eliashiv,early,marketers asking ROI questions,quora answers,answer high-intent questions -> mockup,,,,,,,first leads; $26M+ ARR,scale,Answering high-intent questions sources enterprise leads,https://founderpath.com/blog/cold-outreach-strategy,B,yes
PUB-119,LeadFuze,Justin McGill,early,agencies/sales,productized service,"validate via service, convert to SaaS",,,,,,,$30k MRR,scale,Productized service funds and validates the SaaS,https://founderpath.com/blog/cold-outreach-strategy,B,yes
PUB-120,Jebbit,Jonathan Lacoste,early,enterprises,linkedin + niche events,direct outreach + in-person,,,,,,,enterprise deals; raised $10M+,scale,Pair LinkedIn with niche event presence,https://founderpath.com/blog/cold-outreach-strategy,B,yes
PUB-121,Archie,,early,consultancy network,warm network,leverage consultancy contacts,,,,,,,"first 28 customers, $1,600 MRR",iterate,Consultancy network seeds first dozens,https://founderpath.com/blog/cold-outreach-strategy,B,yes
PUB-122,Breakcold,Arno,early,Twitter followers,build-in-public + outreach,"grow 0->1000 following, then outreach",,4 months,,,,,5 paying a week after MVP; $2k MRR,scale,"Build audience in public, convert with outreach",https://founderpath.com/blog/cold-outreach-strategy,B,yes
PUB-123,Luna,Steven Nelman,early,email senders,freemium referral loop,25 free emails/mo; invite colleagues for more,,,,,37% of 10k signups referral,,$24k+ MRR,scale,Build referral incentives into free tier,https://founderpath.com/blog/cold-outreach-strategy,B,yes
PUB-124,Fincom.co,Martin Macas,early,financial-data buyers,cold calling,primary channel while content matured,,,,,,,first customers; $1M pre-seed,scale,Cold calling carries early growth before inbound,https://founderpath.com/blog/cold-outreach-strategy,B,yes
PUB-125,Maynu,Aaron De Cruz,early,restaurants,instagram DM,DM + WOM referrals,,,,,,,"$3,000 monthly revenue",iterate,Cold IG DMs work for local/SMB verticals,https://founderpath.com/blog/cold-outreach-strategy,B,yes
PUB-126,Five Rings Marketing,Shaheem Alam,growth,agency clients,linkedin + email + calling,same playbook sold to clients,,,,,,meetings,$30k MRR across 15 clients,scale,Run the outbound playbook you sell,https://founderpath.com/blog/cold-outreach-strategy,B,yes
PUB-127,Pocus,Isaac Pohl-Zaretsky,growth,intent-signal accounts,warm outbound,focus accounts showing intent,,1 quarter,,,,,AE closed $700k new ARR in Q1,scale,Warm outbound to intent accounts beats spray,https://founderpath.com/blog/cold-outreach-strategy,B,yes
PUB-128,EmailAnalytics,Jayson DeMers,early,email-productivity buyers,SEO (exact-match domain),"bought domain $5k, ranked #1",,,,,,,first 100 organic; $9k MRR,scale,Exact-match domain + #1 rank drove all early growth,https://founderpath.com/blog/cold-outreach-strategy,B,yes
PUB-129,LeadGenius,Prayag Narula,early,YC-network startups,accelerator network,license core tech via YC,,,,,,,first customers; raised $25M,scale,Accelerator network as first sales channel,https://founderpath.com/blog/cold-outreach-strategy,B,yes
PUB-130,FirstHive,,early,CMOs,warm past-relationship outreach,leverage prior services relationships,,,,,,,~$250k enterprise contracts; $2.4M ARR,scale,Prior relationships land large first contracts,https://founderpath.com/blog/cold-outreach-strategy,B,yes
